{
    "HH_DL_boosted_other": {
        "coefficients": [
            0.8065572720741097,
            0.9637081829441176
        ],
        "covariance": [
            [
                0.042081949163941264,
                -0.10051036269261684
            ],
            [
                -0.10051036269261684,
                0.29182241188019575
            ]
        ]
    },
    "HH_DL_inclusive_DY_VVV_2016": {
        "coefficients": [
            1.082166872350563,
            -0.4013464811048989
        ],
        "covariance": [
            [
                0.0030438291227910604,
                -0.005604370378235885
            ],
            [
                -0.005604370378235885,
                0.010692614965165175
            ]
        ]
    },
    "HH_DL_inclusive_DY_VVV_2017": {
        "coefficients": [
            1.1191233148713153,
            -0.49673503759764726
        ],
        "covariance": [
            [
                0.002137273278461953,
                -0.004456635427621882
            ],
            [
                -0.004456635427621882,
                0.00964857583138515
            ]
        ]
    },
    "HH_DL_inclusive_DY_VVV_2018": [
        {
        "coefficients": [
            1.014465521727556,
            -0.2514723002024669
        ],
        "covariance": [
            [
                0.00511860740785311,
                -0.010218195913262142
            ],
            [
                -0.010218195913262142,
                0.0209603248670013
            ]
        ],
        "range" : [0,0.6]
        },
        {
        "coefficients": [
            0.32376922478894726,
            0.59454618183385
        ],
        "covariance": [
            [
                0.8776217142101965,
                -1.3694699366228278
            ],
            [
                -1.3694699366228278,
                2.1406114105993126
            ]
        ],
        "range" : [0.6,1.0]
        }
    ],
    "HH_DL_resolved_other_2016": {
        "coefficients": [
            0.958540683516296,
            0.38561171983309434
        ],
        "covariance": [
            [
                0.018751416017109074,
                -0.04571830178814088
            ],
            [
                -0.04571830178814088,
                0.12015435065651607
            ]
        ]
    },
    "HH_DL_resolved_other_2017": {
        "coefficients": [
            1.1430804291227696,
            -0.08817195735664046
        ],
        "covariance": [
            [
                0.010217799081189177,
                -0.02742700221577171
            ],
            [
                -0.02742700221577171,
                0.08012213776718612
            ]
        ]
    },
    "HH_DL_resolved_other_2018": {
        "coefficients": [
            1.106967906422171,
            0.15657744084179903
        ],
        "covariance": [
            [
                0.021837577777202313,
                -0.05551080823826859
            ],
            [
                -0.05551080823826859,
                0.15336029773094256
            ]
        ]
    }
}
